ClientCount,Alpha,Epsilon,FedAvg_AUC,FedAvg_std,FedProx_AUC,FedProx_std,Delta_AUC,Benefit_std,CI_lower,CI_upper
3,10.0,0.5,0.6047821969696969,0.06400861975261064,0.6047348484848485,0.06666922235975979,-4.734848484846954e-05,0.005740503434147249,-0.002462121212121196,0.002840909090909108
3,10.0,1.0,0.673532196969697,0.04097313112309182,0.6758996212121211,0.041774004090891416,0.002367424242424254,0.003910193716299726,0.0004734848484848897,0.003882575757575779
3,10.0,2.0,0.7274621212121213,0.021127401162703553,0.7294507575757574,0.02040516450892674,0.001988636363636337,0.002050796195805663,0.0012310606060605411,0.0028409090909091105
3,10.0,5.0,0.7485795454545455,0.010388650340631763,0.7491950757575758,0.009996138738865096,0.0006155303030303428,0.0018526512828138059,-0.00033143939393933677,0.0013257575757576134
3,10.0,10.0,0.7514204545454547,0.007057942459929587,0.7513731060606061,0.0071398940452735045,-4.734848484846399e-05,0.001419665184712605,-0.0007102272727272596,0.0005208333333333648
3,1.0,0.5,0.6056818181818182,0.0641863856502814,0.6049242424242425,0.06642545247805696,-0.0007575757575757625,0.005069605611486459,-0.0031250000000000167,0.0016571969696969834
3,1.0,1.0,0.6739583333333332,0.04126561030698884,0.6760890151515151,0.042145444636928445,0.0021306818181818232,0.003903020359100615,0.0003314393939393478,0.003693181818181829
3,1.0,2.0,0.7275568181818182,0.020878695449393,0.7294034090909092,0.020472676710846637,0.0018465909090909338,0.0027523279601010544,0.0007575757575758069,0.0032196969696969948
3,1.0,5.0,0.7489583333333335,0.010290646105475396,0.7494318181818181,0.01027102035072444,0.00047348484848487306,0.00142045454545456,-0.00023674242424238657,0.0010416666666667074
3,1.0,10.0,0.7514204545454547,0.007301498684167138,0.7513257575757576,0.007151972571401222,-9.469696969697794e-05,0.0016913419601791383,-0.0008049242424242542,0.0006628787878787789
3,0.5,0.5,0.6046875,0.06456116530035037,0.6047821969696969,0.06679142819184979,9.469696969696406e-05,0.005194540966629721,-0.0023200757575757487,0.002651515151515177
3,0.5,1.0,0.6734375000000001,0.041014038145983325,0.6755681818181818,0.04242318552525486,0.002130681818181801,0.0037507053782563455,0.0003314393939393756,0.0037405303030302872
3,0.5,2.0,0.7273674242424242,0.02109192984783879,0.7291666666666667,0.02069946660700483,0.001799242424242431,0.002136461017552744,0.0009469696969696906,0.002746212121212138
3,0.5,5.0,0.7485321969696969,0.010410100375326825,0.749005681818182,0.010081892320990106,0.0004734848484848786,0.001680704483835105,-0.00033143939393932565,0.001089015151515199
3,0.5,10.0,0.7511837121212123,0.0070029353493130065,0.7512310606060607,0.007087105015934718,4.7348484848497296e-05,0.0013215232705448038,-0.0005208333333333425,0.0007102272727272819
3,0.1,0.5,0.6048295454545454,0.06603991772327669,0.6045928030303032,0.06783534323457616,-0.00023674242424242265,0.006634703799535896,-0.0029829545454545274,0.0027462121212121103
3,0.1,1.0,0.6735795454545455,0.04162047629133009,0.6756155303030303,0.043625892898513936,0.0020359848484848564,0.004651491631442865,-0.00037878787878786735,0.0040246212121212155
3,0.1,2.0,0.7270833333333333,0.020965489922173713,0.7289772727272729,0.02062481738795525,0.001893939393939398,0.002240939311780137,0.0009943181818181878,0.0028409090909090663
3,0.1,5.0,0.7485321969696969,0.010001519878472307,0.7491477272727273,0.009899797125533523,0.0006155303030303428,0.0016746912105897358,-0.00014204545454542527,0.0013731060606061052
3,0.1,10.0,0.7513731060606061,0.007164969477989677,0.7515151515151515,0.00691612107443569,0.00014204545454545858,0.001005528436628573,-0.0003314393939393978,0.0005681818181818398
10,10.0,0.5,0.5799242424242425,0.01750844280139329,0.5776515151515151,0.019825393548145345,-0.002272727272727293,0.005343460598358307,-0.004450757575757597,-4.7348484848508396e-05
10,10.0,1.0,0.631155303030303,0.016046875831263387,0.6301609848484848,0.017325858090067647,-0.0009943181818181767,0.0038637640167563515,-0.002840909090909094,0.000852272727272757
10,10.0,2.0,0.6980113636363636,0.013614315614325424,0.6996685606060605,0.013346142881566847,0.0016571969696969613,0.003678279471477612,1.1102230246251566e-17,0.0031249999999999833
10,10.0,5.0,0.7373579545454546,0.007293972234868966,0.7386363636363636,0.007224329970742669,0.0012784090909090718,0.0022263859745281795,0.00023674242424241433,0.0021780303030302763
10,10.0,10.0,0.7493371212121211,0.006430335652032184,0.7499526515151517,0.0068841179936006535,0.0006155303030303038,0.0018526512828138044,-0.00018939393939393923,0.0013731060606060718
10,1.0,0.5,0.5802083333333334,0.01872774735534175,0.5776515151515152,0.019825393548145342,-0.0025568181818181714,0.004532612857490265,-0.004545454545454514,-0.0007102272727272652
10,1.0,1.0,0.6309185606060606,0.01789465812629765,0.6290719696969697,0.017975221042050096,-0.0018465909090909006,0.002864094154325132,-0.0032196969696969835,-0.000568181818181801
10,1.0,2.0,0.6985321969696972,0.014606911650635396,0.6992897727272728,0.013999386480350385,0.0007575757575757347,0.0037234097066926974,-0.0006155303030303261,0.002604166666666646
10,1.0,5.0,0.7370265151515152,0.007711264426718198,0.7383522727272728,0.007820960753771212,0.0013257575757575691,0.001831352235399036,0.0005208333333333148,0.0020833333333333316
10,1.0,10.0,0.7491477272727274,0.006266478506274894,0.7495265151515151,0.006897294596450806,0.000378787878787884,0.001903385534303199,-0.00047348484848485083,0.0010890151515151824
10,0.5,0.5,0.5805397727272729,0.017818323842939174,0.5778882575757576,0.019237416115609085,-0.0026515151515151547,0.004230740133274366,-0.0043560606060606185,-0.0008996212121212099
10,0.5,1.0,0.6321496212121211,0.01681897893876052,0.6300189393939395,0.01793526606826321,-0.0021306818181818232,0.003774538535487079,-0.0038825757575757735,-0.0005681818181818177
10,0.5,2.0,0.6991003787878788,0.013842854077692913,0.7002367424242424,0.014005790664850451,0.0011363636363636409,0.0029432330052878634,-0.00023674242424241433,0.0025094696969696793
10,0.5,5.0,0.7372632575757576,0.007025947201991352,0.7392045454545454,0.006993485014256334,0.0019412878787878729,0.0019970735519851514,0.00099431818181816,0.0028409090909090884
10,0.5,10.0,0.7487689393939394,0.007004375805010345,0.7499526515151518,0.007045066328095383,0.0011837121212121327,0.0016091520329513892,0.0004734848484848952,0.001893939393939431
10,0.1,0.5,0.5812026515151516,0.018803668504754206,0.5785984848484849,0.019888618198315933,-0.002604166666666685,0.0046572716791917585,-0.0044981060606061165,-0.0007575757575757735
10,0.1,1.0,0.6321496212121211,0.018006062912924527,0.630871212121212,0.018310094368547757,-0.0012784090909090996,0.004321700370728227,-0.003267045454545475,0.000520833333333326
10,0.1,2.0,0.7021306818181817,0.014748045985611451,0.7018939393939394,0.01425999279097053,-0.00023674242424243653,0.002885928022286141,-0.0015625000000000166,0.00099431818181816
10,0.1,5.0,0.7374053030303032,0.006374309006646353,0.7393939393939395,0.007381505784054957,0.001988636363636381,0.002317658759568267,0.0008996212121212488,0.0029356060606060995
10,0.1,10.0,0.748626893939394,0.006632000033421027,0.7497632575757576,0.0066347037995358685,0.0011363636363636187,0.0015732242164617505,0.00042613636363636465,0.001846590909090895
15,10.0,0.5,0.5632102272727273,0.03191003353695246,0.5603219696969697,0.03109768320119834,-0.0028882575757575636,0.003075465424063447,-0.004356060606060591,-0.001609848484848464
15,10.0,1.0,0.5950757575757575,0.027356445055747917,0.5945549242424242,0.029080258355975386,-0.0005208333333333537,0.0038521418998374206,-0.0022727272727272986,0.0009943181818181657
15,10.0,2.0,0.6490530303030302,0.021329743558811603,0.6508522727272726,0.02162556197086115,0.001799242424242431,0.004049887269004374,0.000189393939393967,0.0035511363636363757
15,10.0,5.0,0.7191287878787878,0.01384131544741931,0.7202178030303031,0.013877145445648994,0.0010890151515151713,0.002456195520708887,4.734848484849175e-05,0.0021780303030303596
15,10.0,10.0,0.7400568181818182,0.006467879286564085,0.7413352272727273,0.006361458806275467,0.0012784090909090996,0.001563934144404707,0.0005681818181818455,0.0019412878787878952
15,1.0,0.5,0.5633049242424243,0.031563048345526284,0.5608428030303031,0.031133384052948423,-0.0024621212121212098,0.003366740309589271,-0.004071969696969713,-0.0010890151515151381
15,1.0,1.0,0.5952651515151516,0.02747909611214488,0.5941761363636363,0.02886390199859872,-0.0010890151515151824,0.003941885775859897,-0.0028409090909091218,0.00042613636363632025
15,1.0,2.0,0.6493371212121212,0.02158197748541361,0.6505681818181818,0.022411393867157608,0.0012310606060606133,0.0045523542961067665,-0.000662878787878729,0.0034090909090909007
15,1.0,5.0,0.7183712121212121,0.013789387613081374,0.7203598484848485,0.014201704261306826,0.0019886363636363704,0.0022982312688468965,0.0010890151515151325,0.0029829545454545803
15,1.0,10.0,0.740530303030303,0.006401683250437698,0.7415719696969699,0.006634872748334604,0.0010416666666666907,0.0020507961958056314,4.73484848485306e-05,0.0018939393939394033
15,0.5,0.5,0.5630208333333332,0.03238785189518637,0.5609848484848484,0.03135942732699878,-0.002035984848484848,0.003417957220317056,-0.0035984848484848647,-0.0006628787878787568
15,0.5,1.0,0.5955965909090909,0.027407330072570735,0.5944128787878789,0.029059937298763782,-0.001183712121212127,0.003209584721606517,-0.002604166666666691,0.00014204545454544193
15,0.5,2.0,0.6499999999999999,0.022593514218834074,0.6508049242424241,0.022441133952727354,0.0008049242424242487,0.0043113129013856956,-0.001183712121212127,0.002793560606060591
15,0.5,5.0,0.7186079545454545,0.013190696434347,0.7210227272727273,0.013339842161318453,0.0024147727272727402,0.0027523279601010466,0.001231060606060641,0.003598484848484845
15,0.5,10.0,0.7403882575757577,0.006445483695760446,0.7419034090909091,0.006284876005809685,0.001515151515151525,0.0014172944646871452,0.0009469696969696628,0.002130681818181851
15,0.1,0.5,0.563778409090909,0.0321945673680418,0.5610321969696971,0.031786988395952745,-0.002746212121212116,0.003223872070179771,-0.004261363636363641,-0.0014678030303030166
15,0.1,1.0,0.5957386363636363,0.028172786156518796,0.5946496212121212,0.02885924138127365,-0.0010890151515151492,0.0033113487092625024,-0.0023674242424242655,0.000378787878787884
15,0.1,2.0,0.650189393939394,0.02282845217879886,0.6516571969696969,0.022650745131712745,0.0014678030303030276,0.003863764016756327,-0.0004734848484848786,0.003077651515151525
15,0.1,5.0,0.718844696969697,0.013939767061047086,0.7206912878787881,0.013517059519101397,0.0018465909090909227,0.0028483960686922533,0.0005681818181818288,0.0030303030303030663
15,0.1,10.0,0.7397253787878788,0.006555841871451779,0.7415246212121213,0.006739304638793438,0.0017992424242424532,0.0019151276909239652,0.0009943181818181713,0.002651515151515199
20,10.0,0.5,0.5560606060606059,0.015019548403717308,0.5508996212121212,0.014975525617163837,-0.005160984848484829,0.002956532815482803,-0.006344696969696939,-0.0037878787878787624
20,10.0,1.0,0.5825757575757576,0.014124141123924013,0.5793560606060606,0.013593551270145254,-0.003219696969696972,0.0026851225149162514,-0.004403409090909088,-0.0020833333333333316
20,10.0,2.0,0.6299715909090909,0.010238117671757023,0.6291666666666667,0.012147078225330739,-0.000804924242424243,0.004141571726106946,-0.002651515151515149,0.0008049242424242875
20,10.0,5.0,0.7095170454545454,0.012000295774926594,0.7085700757575758,0.010377314614247582,-0.0009469696969697072,0.003593497341100404,-0.002367424242424243,0.0006628787878787456
20,10.0,10.0,0.7354640151515153,0.006262004942042831,0.7372159090909092,0.006126096208195413,0.001751893939393967,0.001674691210589739,0.0009943181818182045,0.002509469696969735
20,1.0,0.5,0.5561079545454545,0.014317339416256245,0.5509943181818182,0.014471218362624485,-0.0051136363636363645,0.003353396062429104,-0.006486742424242425,-0.003645833333333309
20,1.0,1.0,0.5828598484848484,0.013363685215158417,0.5796874999999999,0.012908954614757441,-0.0031723484848484697,0.002226385974528173,-0.0041193181818181875,-0.0023200757575757127
20,1.0,2.0,0.6304924242424242,0.00967856770731153,0.6293560606060606,0.011587906870052816,-0.0011363636363636465,0.004477875158157894,-0.003125000000000028,0.0007102272727272429
20,1.0,5.0,0.7105113636363638,0.011348237672794687,0.7085227272727274,0.01123905829502834,-0.001988636363636387,0.003399871793753086,-0.003503787878787884,-0.0006155303030303428
20,1.0,10.0,0.7355113636363637,0.007010774249575597,0.737310606060606,0.007201952023421035,0.0017992424242424144,0.0025916538226143943,0.0007575757575757514,0.0030776515151514916
20,0.5,0.5,0.556155303030303,0.014587944469737962,0.5508522727272728,0.014633975921212454,-0.005303030303030282,0.0033130408493439157,-0.006628787878787856,-0.0037405303030302872
20,0.5,1.0,0.5831439393939394,0.01313730620329582,0.5802083333333334,0.01327481292852821,-0.0029356060606060387,0.0026260273908829557,-0.004214015151515127,-0.0017992424242424087
20,0.5,2.0,0.6306344696969697,0.010130694918894515,0.6297821969696971,0.012399428258492863,-0.000852272727272746,0.004389896585795188,-0.0028409090909090997,0.0008522727272727238
20,0.5,5.0,0.7105587121212122,0.012001790231044683,0.709375,0.011593709430983012,-0.0011837121212121549,0.003052049691189994,-0.00255681818181821,-3.8857805861880476e-17
20,0.5,10.0,0.7352746212121213,0.00671931555535003,0.7376420454545455,0.006685867612275892,0.0023674242424242377,0.0021903472549659867,0.0013257575757575635,0.0032670454545454695
20,0.1,0.5,0.5560132575757575,0.014471218362624494,0.5510890151515152,0.01464125096326414,-0.004924242424242403,0.003177644268098975,-0.0062500000000000056,-0.003503787878787862
20,0.1,1.0,0.5829545454545454,0.013299446866712701,0.5797821969696969,0.012640804047549706,-0.0031723484848484697,0.0028609614280342283,-0.0045454545454545305,-0.0018939393939394033
20,0.1,2.0,0.6318655303030303,0.009656653547203412,0.6307291666666666,0.01118256543527409,-0.001136363636363613,0.004376598487989155,-0.0029829545454545248,0.0005681818181818343
20,0.1,5.0,0.7105587121212121,0.011293482154835527,0.7098011363636363,0.010652777759071093,-0.0007575757575757792,0.0032335930073794815,-0.002083333333333348,0.0007102272727272541
20,0.1,10.0,0.7364583333333333,0.0073235724624944425,0.7377367424242425,0.00733198588101247,0.001278409090909105,0.0015055031340515614,0.0005681818181818455,0.0018939393939393756
