Seed,ClientCount,Alpha,Method,Drift
42,3,10.0,FedAvg,0.14863221036086835
42,3,10.0,FedProx,0.142248277763603
43,3,10.0,FedAvg,0.16420766364188705
43,3,10.0,FedProx,0.15686688131463936
44,3,10.0,FedAvg,0.16104297253447813
44,3,10.0,FedProx,0.15379555589112165
45,3,10.0,FedAvg,0.16790889718582314
45,3,10.0,FedProx,0.16054202962563782
46,3,10.0,FedAvg,0.18554345216282642
46,3,10.0,FedProx,0.17716429651023874
47,3,10.0,FedAvg,0.1614473968990601
47,3,10.0,FedProx,0.15427586660082077
48,3,10.0,FedAvg,0.156251281577257
48,3,10.0,FedProx,0.14942523796698287
49,3,10.0,FedAvg,0.1527171946770296
49,3,10.0,FedProx,0.14621601332480197
50,3,10.0,FedAvg,0.15572452606070042
50,3,10.0,FedProx,0.14891451935621625
51,3,10.0,FedAvg,0.16292152580782784
51,3,10.0,FedProx,0.15559989439377298
52,3,10.0,FedAvg,0.15062599742423247
52,3,10.0,FedProx,0.14405060620337778
53,3,10.0,FedAvg,0.16845775134814225
53,3,10.0,FedProx,0.16076675436103915
54,3,10.0,FedAvg,0.16297188495170098
54,3,10.0,FedProx,0.15583150793017483
55,3,10.0,FedAvg,0.17760135984515193
55,3,10.0,FedProx,0.16956943538016125
56,3,10.0,FedAvg,0.16047325589673328
56,3,10.0,FedProx,0.15353778501065127
57,3,10.0,FedAvg,0.1678878866533314
57,3,10.0,FedProx,0.1605320559140764
58,3,10.0,FedAvg,0.16406008457162702
58,3,10.0,FedProx,0.1568201985143411
59,3,10.0,FedAvg,0.16796106597671537
59,3,10.0,FedProx,0.16049949379008124
60,3,10.0,FedAvg,0.16617496010809718
60,3,10.0,FedProx,0.1587722466055586
61,3,10.0,FedAvg,0.16822111662381953
61,3,10.0,FedProx,0.16062769713196057
42,3,1.0,FedAvg,0.18011224712571539
42,3,1.0,FedProx,0.17225136154049117
43,3,1.0,FedAvg,0.19362526018288886
43,3,1.0,FedProx,0.18492555627057114
44,3,1.0,FedAvg,0.21310693737649486
44,3,1.0,FedProx,0.20313690612838886
45,3,1.0,FedAvg,0.18158447941053166
45,3,1.0,FedProx,0.17327242850427388
46,3,1.0,FedAvg,0.20534305254042567
46,3,1.0,FedProx,0.1958104103251208
47,3,1.0,FedAvg,0.17243153006242296
47,3,1.0,FedProx,0.1647071039975224
48,3,1.0,FedAvg,0.16897638530537795
48,3,1.0,FedProx,0.16141943488700125
49,3,1.0,FedAvg,0.18595041612268443
49,3,1.0,FedProx,0.17787879303840148
50,3,1.0,FedAvg,0.16361466150045392
50,3,1.0,FedProx,0.15643794044175394
51,3,1.0,FedAvg,0.1906941111938868
51,3,1.0,FedProx,0.18247204404899972
52,3,1.0,FedAvg,0.21148422491484328
52,3,1.0,FedProx,0.20195639932279028
53,3,1.0,FedAvg,0.16265067237285075
53,3,1.0,FedProx,0.1559168441435612
54,3,1.0,FedAvg,0.17438338294056902
54,3,1.0,FedProx,0.16665099749525367
55,3,1.0,FedAvg,0.19627181294537238
55,3,1.0,FedProx,0.18736910423168127
56,3,1.0,FedAvg,0.18081115051869684
56,3,1.0,FedProx,0.17300427820487752
57,3,1.0,FedAvg,0.15983249356181864
57,3,1.0,FedProx,0.1526853006486484
58,3,1.0,FedAvg,0.17046953323646824
58,3,1.0,FedProx,0.16374897179221362
59,3,1.0,FedAvg,0.20675060981600676
59,3,1.0,FedProx,0.19761111366416786
60,3,1.0,FedAvg,0.19159874607039903
60,3,1.0,FedProx,0.18320708482414336
61,3,1.0,FedAvg,0.18907185657562492
61,3,1.0,FedProx,0.18042676755234272
42,3,0.5,FedAvg,0.16696733676453251
42,3,0.5,FedProx,0.16013804039540375
43,3,0.5,FedAvg,0.23431989690420565
43,3,0.5,FedProx,0.22384766192875266
44,3,0.5,FedAvg,0.16260832926705443
44,3,0.5,FedProx,0.15575191548127396
45,3,0.5,FedAvg,0.22722711692559547
45,3,0.5,FedProx,0.21679231943090185
46,3,0.5,FedAvg,0.16980032839997244
46,3,0.5,FedProx,0.16283572379110522
47,3,0.5,FedAvg,0.1932472159737067
47,3,0.5,FedProx,0.18459409557243903
48,3,0.5,FedAvg,0.16933409483010528
48,3,0.5,FedProx,0.16236055600023772
49,3,0.5,FedAvg,0.19258050948443337
49,3,0.5,FedProx,0.1837028449885604
50,3,0.5,FedAvg,0.16828507367592602
50,3,0.5,FedProx,0.16124073908665368
51,3,0.5,FedAvg,0.16655502014609763
51,3,0.5,FedProx,0.15922334843540206
52,3,0.5,FedAvg,0.18726205634866508
52,3,0.5,FedProx,0.179069883254342
53,3,0.5,FedAvg,0.16796477791905357
53,3,0.5,FedProx,0.1611814843180789
54,3,0.5,FedAvg,0.17604291957569299
54,3,0.5,FedProx,0.16823771169285587
55,3,0.5,FedAvg,0.2161292650639605
55,3,0.5,FedProx,0.2061430262548053
56,3,0.5,FedAvg,0.19833828856942354
56,3,0.5,FedProx,0.1896972963146603
57,3,0.5,FedAvg,0.16443175215042385
57,3,0.5,FedProx,0.1575336191143774
58,3,0.5,FedAvg,0.16760564648349938
58,3,0.5,FedProx,0.16037896933504966
59,3,0.5,FedAvg,0.2212796091692219
59,3,0.5,FedProx,0.21112011713272827
60,3,0.5,FedAvg,0.16205857570915141
60,3,0.5,FedProx,0.1553997879039581
61,3,0.5,FedAvg,0.16615235345112173
61,3,0.5,FedProx,0.1590277178149514
42,3,0.1,FedAvg,0.19670334334035788
42,3,0.1,FedProx,0.1883286559697945
43,3,0.1,FedAvg,0.24401974762984743
43,3,0.1,FedProx,0.23263546745370978
44,3,0.1,FedAvg,0.21990376540845497
44,3,0.1,FedProx,0.2091431616551241
45,3,0.1,FedAvg,0.235075043626625
45,3,0.1,FedProx,0.22434300120207434
46,3,0.1,FedAvg,0.1739636910326297
46,3,0.1,FedProx,0.16745136396604318
47,3,0.1,FedAvg,0.22517551121565252
47,3,0.1,FedProx,0.2148608603889093
48,3,0.1,FedAvg,0.17727997109500895
48,3,0.1,FedProx,0.16975470828911152
49,3,0.1,FedAvg,0.18825761400438185
49,3,0.1,FedProx,0.17987402773570038
50,3,0.1,FedAvg,0.1858766683144151
50,3,0.1,FedProx,0.17742659831787536
51,3,0.1,FedAvg,0.19962625142247864
51,3,0.1,FedProx,0.19098860636123333
52,3,0.1,FedAvg,0.23438854139545937
52,3,0.1,FedProx,0.22356212058336863
53,3,0.1,FedAvg,0.2228555458778111
53,3,0.1,FedProx,0.2128104167366427
54,3,0.1,FedAvg,0.23460834719364293
54,3,0.1,FedProx,0.22393535459585967
55,3,0.1,FedAvg,0.22776550264557846
55,3,0.1,FedProx,0.21735372585980187
56,3,0.1,FedAvg,0.19071416246714507
56,3,0.1,FedProx,0.18265552904079158
57,3,0.1,FedAvg,0.1773413172345938
57,3,0.1,FedProx,0.1703315826877458
58,3,0.1,FedAvg,0.16383389598173653
58,3,0.1,FedProx,0.1569588756701656
59,3,0.1,FedAvg,0.2301224706514019
59,3,0.1,FedProx,0.21956562470967042
60,3,0.1,FedAvg,0.15037487672222302
60,3,0.1,FedProx,0.14402538873031348
61,3,0.1,FedAvg,0.1481942173399307
61,3,0.1,FedProx,0.14241604948828396
42,10,10.0,FedAvg,0.2684053126227827
42,10,10.0,FedProx,0.2555205281599625
43,10,10.0,FedAvg,0.26768843722732216
43,10,10.0,FedProx,0.254820536019292
44,10,10.0,FedAvg,0.26897269508960453
44,10,10.0,FedProx,0.2561804346036695
45,10,10.0,FedAvg,0.27848605779576024
45,10,10.0,FedProx,0.26489144302310286
46,10,10.0,FedAvg,0.27419439706900073
46,10,10.0,FedProx,0.2609587962389838
47,10,10.0,FedAvg,0.26379762933571466
47,10,10.0,FedProx,0.2511981317625762
48,10,10.0,FedAvg,0.27495058022536223
48,10,10.0,FedProx,0.2609841926753346
49,10,10.0,FedAvg,0.2756677932478728
49,10,10.0,FedProx,0.26222191301435216
50,10,10.0,FedAvg,0.2871704264496061
50,10,10.0,FedProx,0.2725045334152564
51,10,10.0,FedAvg,0.290008868886716
51,10,10.0,FedProx,0.27548953992167163
52,10,10.0,FedAvg,0.26623098553571517
52,10,10.0,FedProx,0.25358904532371346
53,10,10.0,FedAvg,0.2769667277034662
53,10,10.0,FedProx,0.2633541109327936
54,10,10.0,FedAvg,0.27433777843657003
54,10,10.0,FedProx,0.26097558460331727
55,10,10.0,FedAvg,0.26333546416982423
55,10,10.0,FedProx,0.2505565598103166
56,10,10.0,FedAvg,0.280486833033109
56,10,10.0,FedProx,0.26632378675705637
57,10,10.0,FedAvg,0.27286718553754924
57,10,10.0,FedProx,0.25976106675198424
58,10,10.0,FedAvg,0.26820484068494416
58,10,10.0,FedProx,0.25531403321671226
59,10,10.0,FedAvg,0.2755240443041167
59,10,10.0,FedProx,0.26191912221371505
60,10,10.0,FedAvg,0.27656480782226406
60,10,10.0,FedProx,0.26303171452413426
61,10,10.0,FedAvg,0.27790350969366473
61,10,10.0,FedProx,0.26459632669164146
42,10,1.0,FedAvg,0.2668147421727912
42,10,1.0,FedProx,0.2539551848793139
43,10,1.0,FedAvg,0.2871718973549084
43,10,1.0,FedProx,0.2727839736324048
44,10,1.0,FedAvg,0.2892426853032563
44,10,1.0,FedProx,0.2741182849698814
45,10,1.0,FedAvg,0.27714898967141893
45,10,1.0,FedProx,0.2628933110942478
46,10,1.0,FedAvg,0.29044985463810785
46,10,1.0,FedProx,0.27552959827568735
47,10,1.0,FedAvg,0.2710682487447242
47,10,1.0,FedProx,0.25707472065177905
48,10,1.0,FedAvg,0.2828109271660734
48,10,1.0,FedProx,0.26858215067314944
49,10,1.0,FedAvg,0.26979574395769174
49,10,1.0,FedProx,0.2568347552644128
50,10,1.0,FedAvg,0.28187428662796404
50,10,1.0,FedProx,0.26785685970008505
51,10,1.0,FedAvg,0.2846608327368918
51,10,1.0,FedProx,0.26998106564267915
52,10,1.0,FedAvg,0.30331927361809696
52,10,1.0,FedProx,0.2879324806353219
53,10,1.0,FedAvg,0.2886395942502966
53,10,1.0,FedProx,0.2737642947613987
54,10,1.0,FedAvg,0.2632181275036459
54,10,1.0,FedProx,0.250160169340053
55,10,1.0,FedAvg,0.2818654561420375
55,10,1.0,FedProx,0.267458813368406
56,10,1.0,FedAvg,0.27615548196915696
56,10,1.0,FedProx,0.26240950298619403
57,10,1.0,FedAvg,0.28171823074876384
57,10,1.0,FedProx,0.2681146995484738
58,10,1.0,FedAvg,0.27425624959022044
58,10,1.0,FedProx,0.2606463774569552
59,10,1.0,FedAvg,0.2912604906628266
59,10,1.0,FedProx,0.2766554644498935
60,10,1.0,FedAvg,0.2987004432188174
60,10,1.0,FedProx,0.2824528643640443
61,10,1.0,FedAvg,0.2849256781164739
61,10,1.0,FedProx,0.27115109149845085
42,10,0.5,FedAvg,0.2749408743370819
42,10,0.5,FedProx,0.260833798104619
43,10,0.5,FedAvg,0.2823615854671871
43,10,0.5,FedProx,0.2673375600904034
44,10,0.5,FedAvg,0.2876823902884519
44,10,0.5,FedProx,0.27336827788326185
45,10,0.5,FedAvg,0.2873213949972688
45,10,0.5,FedProx,0.2729455721729789
46,10,0.5,FedAvg,0.27121740785364185
46,10,0.5,FedProx,0.25739312852310164
47,10,0.5,FedAvg,0.29240739385753034
47,10,0.5,FedProx,0.27730768597425687
48,10,0.5,FedAvg,0.29625658664685955
48,10,0.5,FedProx,0.2806687000231483
49,10,0.5,FedAvg,0.26748189590721766
49,10,0.5,FedProx,0.2542062425246057
50,10,0.5,FedAvg,0.3114209389846963
50,10,0.5,FedProx,0.2952872246212298
51,10,0.5,FedAvg,0.3070549703136924
51,10,0.5,FedProx,0.2908789833244576
52,10,0.5,FedAvg,0.289252072158367
52,10,0.5,FedProx,0.27489969600921
53,10,0.5,FedAvg,0.30224493164902516
53,10,0.5,FedProx,0.2859956473958271
54,10,0.5,FedAvg,0.28368606984559647
54,10,0.5,FedProx,0.269293548429386
55,10,0.5,FedAvg,0.2999749503252548
55,10,0.5,FedProx,0.285012302498647
56,10,0.5,FedAvg,0.273287875933428
56,10,0.5,FedProx,0.2594895092004971
57,10,0.5,FedAvg,0.3138460858638617
57,10,0.5,FedProx,0.2973078032358274
58,10,0.5,FedAvg,0.2934904868594143
58,10,0.5,FedProx,0.278593309441211
59,10,0.5,FedAvg,0.29219011152830954
59,10,0.5,FedProx,0.2773940517000743
60,10,0.5,FedAvg,0.30073365434224736
60,10,0.5,FedProx,0.2852701704423208
61,10,0.5,FedAvg,0.2827825733929109
61,10,0.5,FedProx,0.2676214187460617
42,10,0.1,FedAvg,0.2686177553604219
42,10,0.1,FedProx,0.25549260886577146
43,10,0.1,FedAvg,0.273401645862548
43,10,0.1,FedProx,0.258990310225831
44,10,0.1,FedAvg,0.29337950215106523
44,10,0.1,FedProx,0.27888922478038686
45,10,0.1,FedAvg,0.33561898375300686
45,10,0.1,FedProx,0.3154672411766953
46,10,0.1,FedAvg,0.2870290227472614
46,10,0.1,FedProx,0.2717505635803968
47,10,0.1,FedAvg,0.278583075846459
47,10,0.1,FedProx,0.26347863469666133
48,10,0.1,FedAvg,0.3113974646684591
48,10,0.1,FedProx,0.2936870557095179
49,10,0.1,FedAvg,0.2698656780192742
49,10,0.1,FedProx,0.25628702523042296
50,10,0.1,FedAvg,0.2779992327373089
50,10,0.1,FedProx,0.26353331547789804
51,10,0.1,FedAvg,0.27001330826031805
51,10,0.1,FedProx,0.25710424356644646
52,10,0.1,FedAvg,0.27319179329959503
52,10,0.1,FedProx,0.25909435031904227
53,10,0.1,FedAvg,0.310860078144005
53,10,0.1,FedProx,0.2940463648450941
54,10,0.1,FedAvg,0.29725528043015015
54,10,0.1,FedProx,0.2828682120766322
55,10,0.1,FedAvg,0.30903276030242804
55,10,0.1,FedProx,0.29155312318176646
56,10,0.1,FedAvg,0.2576204036011576
56,10,0.1,FedProx,0.24482030163909585
57,10,0.1,FedAvg,0.2943424997030284
57,10,0.1,FedProx,0.2785525713161367
58,10,0.1,FedAvg,0.28924801014385454
58,10,0.1,FedProx,0.27391820302890874
59,10,0.1,FedAvg,0.28548654164124865
59,10,0.1,FedProx,0.2705821226025247
60,10,0.1,FedAvg,0.3096057801687412
60,10,0.1,FedProx,0.2936803804336414
61,10,0.1,FedAvg,0.2780170624661806
61,10,0.1,FedProx,0.2630157419629265
42,15,10.0,FedAvg,0.30570804222064807
42,15,10.0,FedProx,0.28981053176833815
43,15,10.0,FedAvg,0.3098933527723615
43,15,10.0,FedProx,0.2935354213423514
44,15,10.0,FedAvg,0.31534058393189285
44,15,10.0,FedProx,0.2986363426671149
45,15,10.0,FedAvg,0.3172577342201702
45,15,10.0,FedProx,0.30140269560459193
46,15,10.0,FedAvg,0.31036760087551785
46,15,10.0,FedProx,0.29415190971910754
47,15,10.0,FedAvg,0.30474509518207626
47,15,10.0,FedProx,0.2892998194761611
48,15,10.0,FedAvg,0.3095885821664247
48,15,10.0,FedProx,0.29315636803274275
49,15,10.0,FedAvg,0.3015614363582793
49,15,10.0,FedProx,0.28630397524030277
50,15,10.0,FedAvg,0.30721561683146775
50,15,10.0,FedProx,0.29190459163158267
51,15,10.0,FedAvg,0.31494069208025177
51,15,10.0,FedProx,0.29852287410462564
52,15,10.0,FedAvg,0.3138674034506426
52,15,10.0,FedProx,0.2974453825287823
53,15,10.0,FedAvg,0.3123167444759799
53,15,10.0,FedProx,0.295521268916007
54,15,10.0,FedAvg,0.31258827911711323
54,15,10.0,FedProx,0.2968537071567525
55,15,10.0,FedAvg,0.3109345295805472
55,15,10.0,FedProx,0.2945295100724317
56,15,10.0,FedAvg,0.3059983981611841
56,15,10.0,FedProx,0.29045450840058157
57,15,10.0,FedAvg,0.30813475939160373
57,15,10.0,FedProx,0.29277600798949804
58,15,10.0,FedAvg,0.30714418834198615
58,15,10.0,FedProx,0.29140583932387576
59,15,10.0,FedAvg,0.311971165477781
59,15,10.0,FedProx,0.29550455172430207
60,15,10.0,FedAvg,0.303924382397169
60,15,10.0,FedProx,0.2882544808648561
61,15,10.0,FedAvg,0.3141536426357125
61,15,10.0,FedProx,0.29734144768729004
42,15,1.0,FedAvg,0.32452524794483445
42,15,1.0,FedProx,0.3079085675834102
43,15,1.0,FedAvg,0.322406060715581
43,15,1.0,FedProx,0.3046137364888536
44,15,1.0,FedAvg,0.31265078749974634
44,15,1.0,FedProx,0.29604797592261567
45,15,1.0,FedAvg,0.31222904080881597
45,15,1.0,FedProx,0.29498502375022545
46,15,1.0,FedAvg,0.30733160835913925
46,15,1.0,FedProx,0.29143717203740954
47,15,1.0,FedAvg,0.3081526217778893
47,15,1.0,FedProx,0.2925666615384753
48,15,1.0,FedAvg,0.31828949907285403
48,15,1.0,FedProx,0.30053440345780363
49,15,1.0,FedAvg,0.31671076535853415
49,15,1.0,FedProx,0.3002843046713899
50,15,1.0,FedAvg,0.3197850921766502
50,15,1.0,FedProx,0.30230635595172994
51,15,1.0,FedAvg,0.3171412110162836
51,15,1.0,FedProx,0.30020027119552056
52,15,1.0,FedAvg,0.32066578120857875
52,15,1.0,FedProx,0.30280560652996397
53,15,1.0,FedAvg,0.3410717739266373
53,15,1.0,FedProx,0.3212812380913145
54,15,1.0,FedAvg,0.3061616080674255
54,15,1.0,FedProx,0.29035390644730263
55,15,1.0,FedAvg,0.31211433634888247
55,15,1.0,FedProx,0.2952104860723063
56,15,1.0,FedAvg,0.3130157392361957
56,15,1.0,FedProx,0.2961513669304978
57,15,1.0,FedAvg,0.31750165284161064
57,15,1.0,FedProx,0.3002075593782338
58,15,1.0,FedAvg,0.3216202585994657
58,15,1.0,FedProx,0.30348812871150516
59,15,1.0,FedAvg,0.3209770968761491
59,15,1.0,FedProx,0.3035198326085617
60,15,1.0,FedAvg,0.3188920762109964
60,15,1.0,FedProx,0.30132493098047325
61,15,1.0,FedAvg,0.31412416295298756
61,15,1.0,FedProx,0.29720348111314165
42,15,0.5,FedAvg,0.3190340510719561
42,15,0.5,FedProx,0.30184919753648676
43,15,0.5,FedAvg,0.30979675397608647
43,15,0.5,FedProx,0.29243162878300855
44,15,0.5,FedAvg,0.3116003218916023
44,15,0.5,FedProx,0.29451765620983344
45,15,0.5,FedAvg,0.33153873110781923
45,15,0.5,FedProx,0.31305796780478384
46,15,0.5,FedAvg,0.31410341950977916
46,15,0.5,FedProx,0.29784138999871707
47,15,0.5,FedAvg,0.31216304615908513
47,15,0.5,FedProx,0.2945316282985112
48,15,0.5,FedAvg,0.32572196304092105
48,15,0.5,FedProx,0.30775147768952354
49,15,0.5,FedAvg,0.31250270064180946
49,15,0.5,FedProx,0.29540843556938845
50,15,0.5,FedAvg,0.33828162358092595
50,15,0.5,FedProx,0.31856475850672183
51,15,0.5,FedAvg,0.3165653046776973
51,15,0.5,FedProx,0.29932640463387294
52,15,0.5,FedAvg,0.3176491698771848
52,15,0.5,FedProx,0.3004141833033914
53,15,0.5,FedAvg,0.33880542982638173
53,15,0.5,FedProx,0.32034616779758995
54,15,0.5,FedAvg,0.31907088258301985
54,15,0.5,FedProx,0.3018056398969067
55,15,0.5,FedAvg,0.334550248579588
55,15,0.5,FedProx,0.31576112084892727
56,15,0.5,FedAvg,0.3178747474790569
56,15,0.5,FedProx,0.29996463882716184
57,15,0.5,FedAvg,0.330201370130721
57,15,0.5,FedProx,0.31234754884482985
58,15,0.5,FedAvg,0.3219832630045825
58,15,0.5,FedProx,0.3041454170656685
59,15,0.5,FedAvg,0.3112341358196987
59,15,0.5,FedProx,0.29532231843335693
60,15,0.5,FedAvg,0.3108198212029578
60,15,0.5,FedProx,0.29422039375419384
61,15,0.5,FedAvg,0.3218035283176905
61,15,0.5,FedProx,0.3040232467610807
42,15,0.1,FedAvg,0.3207331256815792
42,15,0.1,FedProx,0.302464437476882
43,15,0.1,FedAvg,0.339921039096907
43,15,0.1,FedProx,0.3194047001506243
44,15,0.1,FedAvg,0.3095411864385085
44,15,0.1,FedProx,0.2921291862089541
45,15,0.1,FedAvg,0.3490310290570409
45,15,0.1,FedProx,0.3282232402779923
46,15,0.1,FedAvg,0.3067098896819474
46,15,0.1,FedProx,0.2903084076333312
47,15,0.1,FedAvg,0.30759846528241097
47,15,0.1,FedProx,0.2902581597859744
48,15,0.1,FedAvg,0.3456121219753616
48,15,0.1,FedProx,0.32400615843116826
49,15,0.1,FedAvg,0.2995013041455625
49,15,0.1,FedProx,0.28316869642462156
50,15,0.1,FedAvg,0.30102478334564736
50,15,0.1,FedProx,0.2852251125113312
51,15,0.1,FedAvg,0.3418182764324881
51,15,0.1,FedProx,0.321773778813248
52,15,0.1,FedAvg,0.3158594167267683
52,15,0.1,FedProx,0.29882552062534556
53,15,0.1,FedAvg,0.3734196928566636
53,15,0.1,FedProx,0.3491537902337801
54,15,0.1,FedAvg,0.327530132485748
54,15,0.1,FedProx,0.30818016140868415
55,15,0.1,FedAvg,0.33917504877001164
55,15,0.1,FedProx,0.3189232819109
56,15,0.1,FedAvg,0.33019103695081925
56,15,0.1,FedProx,0.3124168845071722
57,15,0.1,FedAvg,0.3495366603596766
57,15,0.1,FedProx,0.3279778401999721
58,15,0.1,FedAvg,0.3344964295299899
58,15,0.1,FedProx,0.3149687130110995
59,15,0.1,FedAvg,0.33017407988080905
59,15,0.1,FedProx,0.3112474234978413
60,15,0.1,FedAvg,0.3197031012075731
60,15,0.1,FedProx,0.30219155304616657
61,15,0.1,FedAvg,0.3221369400960111
61,15,0.1,FedProx,0.3033390069850793
42,20,10.0,FedAvg,0.33534891992260835
42,20,10.0,FedProx,0.31706339660303945
43,20,10.0,FedAvg,0.3274018259312496
43,20,10.0,FedProx,0.31002748425412463
44,20,10.0,FedAvg,0.3251458080415056
44,20,10.0,FedProx,0.30788086057611697
45,20,10.0,FedAvg,0.3396745992143442
45,20,10.0,FedProx,0.32100235943109706
46,20,10.0,FedAvg,0.33961256963324415
46,20,10.0,FedProx,0.320818518852776
47,20,10.0,FedAvg,0.3344647929546639
47,20,10.0,FedProx,0.31754097701019035
48,20,10.0,FedAvg,0.3357860970287846
48,20,10.0,FedProx,0.3180071706534377
49,20,10.0,FedAvg,0.33343095131720624
49,20,10.0,FedProx,0.31516601020378127
50,20,10.0,FedAvg,0.3337574435959451
50,20,10.0,FedProx,0.315002413011397
51,20,10.0,FedAvg,0.33056620284040544
51,20,10.0,FedProx,0.3125114451411754
52,20,10.0,FedAvg,0.33278332904863706
52,20,10.0,FedProx,0.31457152270399846
53,20,10.0,FedAvg,0.3388055001440512
53,20,10.0,FedProx,0.319306220273717
54,20,10.0,FedAvg,0.3327219798695124
54,20,10.0,FedProx,0.31480359083019
55,20,10.0,FedAvg,0.33423641585237734
55,20,10.0,FedProx,0.31568903861506925
56,20,10.0,FedAvg,0.33425660696592996
56,20,10.0,FedProx,0.31639420702193166
57,20,10.0,FedAvg,0.34432946232773315
57,20,10.0,FedProx,0.3261552658278611
58,20,10.0,FedAvg,0.3293899266871021
58,20,10.0,FedProx,0.3120922129698384
59,20,10.0,FedAvg,0.33086628339361457
59,20,10.0,FedProx,0.3129462667455901
60,20,10.0,FedAvg,0.33445382335750345
60,20,10.0,FedProx,0.31620630317402176
61,20,10.0,FedAvg,0.3361410553763238
61,20,10.0,FedProx,0.31817498984346837
42,20,1.0,FedAvg,0.34336548548481904
42,20,1.0,FedProx,0.3228860744001192
43,20,1.0,FedAvg,0.3440757962035791
43,20,1.0,FedProx,0.3246122396595775
44,20,1.0,FedAvg,0.3368163436899476
44,20,1.0,FedProx,0.31822571382901804
45,20,1.0,FedAvg,0.3284247852598053
45,20,1.0,FedProx,0.3100096466001698
46,20,1.0,FedAvg,0.3363910364667626
46,20,1.0,FedProx,0.3168936599259412
47,20,1.0,FedAvg,0.3379435439004003
47,20,1.0,FedProx,0.3188271076092207
48,20,1.0,FedAvg,0.3527917747154495
48,20,1.0,FedProx,0.3319597967433305
49,20,1.0,FedAvg,0.3304286216473719
49,20,1.0,FedProx,0.31222643595580946
50,20,1.0,FedAvg,0.34650298557696596
50,20,1.0,FedProx,0.3277711794112466
51,20,1.0,FedAvg,0.34679109348826737
51,20,1.0,FedProx,0.3257659704465501
52,20,1.0,FedAvg,0.3337802045148634
52,20,1.0,FedProx,0.31528643422349467
53,20,1.0,FedAvg,0.35337957840073336
53,20,1.0,FedProx,0.3321949792594153
54,20,1.0,FedAvg,0.3257840081390198
54,20,1.0,FedProx,0.3081702840556627
55,20,1.0,FedAvg,0.35070495680122876
55,20,1.0,FedProx,0.3296568326714773
56,20,1.0,FedAvg,0.33512082500769413
56,20,1.0,FedProx,0.31582261783711346
57,20,1.0,FedAvg,0.3413184434125797
57,20,1.0,FedProx,0.3211226168514486
58,20,1.0,FedAvg,0.33978234484630465
58,20,1.0,FedProx,0.320605637202279
59,20,1.0,FedAvg,0.3444246931955208
59,20,1.0,FedProx,0.325196950178591
60,20,1.0,FedAvg,0.34986574945750704
60,20,1.0,FedProx,0.32999503661834473
61,20,1.0,FedAvg,0.3469979952933825
61,20,1.0,FedProx,0.3267076898647023
42,20,0.5,FedAvg,0.3633666182242457
42,20,0.5,FedProx,0.3413999709975231
43,20,0.5,FedAvg,0.3401813591916437
43,20,0.5,FedProx,0.3194501957992452
44,20,0.5,FedAvg,0.3512472670629489
44,20,0.5,FedProx,0.3311586569444177
45,20,0.5,FedAvg,0.3542854491798485
45,20,0.5,FedProx,0.33257448183817134
46,20,0.5,FedAvg,0.3293209343860609
46,20,0.5,FedProx,0.31046114732333846
47,20,0.5,FedAvg,0.3358899721114147
47,20,0.5,FedProx,0.3176288343644548
48,20,0.5,FedAvg,0.3441219855739485
48,20,0.5,FedProx,0.32403412907650764
49,20,0.5,FedAvg,0.33694634793950545
49,20,0.5,FedProx,0.317536612207968
50,20,0.5,FedAvg,0.35568330510648366
50,20,0.5,FedProx,0.33650071738805437
51,20,0.5,FedAvg,0.3447546836603005
51,20,0.5,FedProx,0.32501116879345593
52,20,0.5,FedAvg,0.33540061303596713
52,20,0.5,FedProx,0.31669836960920034
53,20,0.5,FedAvg,0.3374640402173327
53,20,0.5,FedProx,0.31719373002450124
54,20,0.5,FedAvg,0.353063940736643
54,20,0.5,FedProx,0.3329427157784896
55,20,0.5,FedAvg,0.33034172498704817
55,20,0.5,FedProx,0.31142221960675764
56,20,0.5,FedAvg,0.34474688362260875
56,20,0.5,FedProx,0.3248553822160456
57,20,0.5,FedAvg,0.35347615758518397
57,20,0.5,FedProx,0.3329433577879486
58,20,0.5,FedAvg,0.36162769948071105
58,20,0.5,FedProx,0.34074644713601115
59,20,0.5,FedAvg,0.33300188707415423
59,20,0.5,FedProx,0.3148879799819096
60,20,0.5,FedAvg,0.3434168393951137
60,20,0.5,FedProx,0.32353492818238666
61,20,0.5,FedAvg,0.3437071565950619
61,20,0.5,FedProx,0.3237712916226238
42,20,0.1,FedAvg,0.35502001388400156
42,20,0.1,FedProx,0.33336800116233467
43,20,0.1,FedAvg,0.35307805706278683
43,20,0.1,FedProx,0.3308476471181919
44,20,0.1,FedAvg,0.3582441035931815
44,20,0.1,FedProx,0.3348660067320978
45,20,0.1,FedAvg,0.37520440584805137
45,20,0.1,FedProx,0.35277399140101967
46,20,0.1,FedAvg,0.34058940153212097
46,20,0.1,FedProx,0.31952559243812495
47,20,0.1,FedAvg,0.35862954561460936
47,20,0.1,FedProx,0.33716780216847425
48,20,0.1,FedAvg,0.3712950577251591
48,20,0.1,FedProx,0.34932255086284303
49,20,0.1,FedAvg,0.34413174336035074
49,20,0.1,FedProx,0.3231802798283006
50,20,0.1,FedAvg,0.3408130236814417
50,20,0.1,FedProx,0.32189009982530764
51,20,0.1,FedAvg,0.36396137444864934
51,20,0.1,FedProx,0.34106708060746477
52,20,0.1,FedAvg,0.3402755520115986
52,20,0.1,FedProx,0.32116687947095374
53,20,0.1,FedAvg,0.35110186341647587
53,20,0.1,FedProx,0.3298753072673228
54,20,0.1,FedAvg,0.3780303213941795
54,20,0.1,FedProx,0.3548147357676687
55,20,0.1,FedAvg,0.35496696164949865
55,20,0.1,FedProx,0.3333656310080429
56,20,0.1,FedAvg,0.34530058992126084
56,20,0.1,FedProx,0.32536674837010243
57,20,0.1,FedAvg,0.3478410386476446
57,20,0.1,FedProx,0.32786331312865685
58,20,0.1,FedAvg,0.34352270815240177
58,20,0.1,FedProx,0.3232520891923946
59,20,0.1,FedAvg,0.3394818618846583
59,20,0.1,FedProx,0.3195007864741424
60,20,0.1,FedAvg,0.3683381043974085
60,20,0.1,FedProx,0.34524118869734466
61,20,0.1,FedAvg,0.3330990713229375
61,20,0.1,FedProx,0.313143106298813
