Seed,ClientCount,Local_mean,Local_median,Local_worst,Local_best,Local_std,FedAvg_mean,FedAvg_median,FedAvg_worst,FedAvg_best,FedAvg_std,FedProx_mean,FedProx_median,FedProx_worst,FedProx_best,FedProx_std,PFL_mean,PFL_median,PFL_worst,PFL_best,PFL_std
42,3,0.7951079421667657,0.8627450980392157,0.6336898395721925,0.8888888888888888,0.11463776961636446,0.8149138443256091,0.8333333333333333,0.7486631016042781,0.8627450980392157,0.04836068416337482,0.8140225787284611,0.8333333333333333,0.7459893048128342,0.8627450980392157,0.04958264310245124,0.8022380669439494,0.803921568627451,0.713903743315508,0.8888888888888888,0.07144730424713068
43,3,0.4865079365079365,0.5,0.16666666666666663,0.7928571428571428,0.25581914829408847,0.5867724867724867,0.5,0.3888888888888889,0.8714285714285714,0.20633021212268043,0.5867724867724867,0.5,0.3888888888888889,0.8714285714285714,0.20633021212268043,0.582010582010582,0.4857142857142857,0.3888888888888889,0.8714285714285714,0.20843203339324226
44,3,0.5855825461088618,0.5964912280701754,0.3269230769230769,0.8333333333333333,0.20688497038366546,0.7886864597390914,0.75,0.6929824561403508,0.9230769230769231,0.09783778259297238,0.790148448043185,0.75,0.6973684210526315,0.9230769230769231,0.09641924213806996,0.815677013045434,0.8461538461538461,0.6842105263157895,0.9166666666666666,0.09731595386144787
45,3,0.6929629629629629,0.6499999999999999,0.5399999999999999,0.888888888888889,0.1456370519189138,0.8124867724867725,0.87,0.6785714285714286,0.8888888888888888,0.09500591922905934,0.8124867724867725,0.87,0.6785714285714286,0.8888888888888888,0.09500591922905934,0.7805996472663139,0.7999999999999999,0.6714285714285715,0.8703703703703703,0.08236803630127955
46,3,0.7314814814814814,0.7222222222222222,0.5555555555555556,0.9166666666666666,0.14756830972693727,0.6881613756613757,0.5714285714285714,0.5555555555555556,0.9375,0.17642807854483647,0.6881613756613757,0.5714285714285714,0.5555555555555556,0.9375,0.17642807854483647,0.6759259259259259,0.5555555555555556,0.5555555555555556,0.9166666666666666,0.1702294102856503
47,3,0.8020833333333334,0.7562499999999999,0.75,0.9,0.06928453811798292,0.7972222222222222,0.8541666666666666,0.6375,0.9,0.11448017241663823,0.7993055555555556,0.8541666666666666,0.64375,0.9,0.11157455432507675,0.7965277777777778,0.8333333333333333,0.65625,0.9,0.10285751411480126
48,3,0.5671403962101637,0.611111111111111,0.35,0.7403100775193798,0.1623485078054233,0.7237295434969854,0.75,0.6111111111111112,0.810077519379845,0.0833247084943304,0.7039190353143843,0.75,0.5555555555555556,0.806201550387597,0.1073885318554505,0.7618863049095608,0.8023255813953488,0.65,0.8333333333333334,0.08012190332985643
49,3,0.6401175457263008,0.8255813953488371,0.20588235294117646,0.888888888888889,0.3081364542692426,0.5778993768049856,0.6666666666666667,0.2647058823529412,0.8023255813953489,0.22828119941810518,0.5778993768049856,0.6666666666666667,0.2647058823529412,0.8023255813953489,0.22828119941810518,0.5795966965597609,0.7777777777777778,0.14705882352941174,0.813953488372093,0.30620682467189253
50,3,0.7399122807017543,0.7083333333333333,0.6447368421052632,0.8666666666666667,0.09331357241450988,0.6780701754385965,0.8092105263157895,0.375,0.8500000000000001,0.21494897645898045,0.6689327485380118,0.8026315789473684,0.3541666666666667,0.8500000000000001,0.22341173730839592,0.7212719298245615,0.7763157894736842,0.5208333333333333,0.8666666666666667,0.14645259409314076
51,3,0.4920474910394265,0.41666666666666663,0.4032258064516129,0.65625,0.11623829587687691,0.8975806451612903,0.875,0.85,0.967741935483871,0.05065046886783372,0.8975806451612903,0.875,0.85,0.967741935483871,0.05065046886783372,0.8755376344086021,0.875,0.7999999999999999,0.9516129032258065,0.06189687603429558
52,3,0.7197733918128656,0.7,0.5947368421052632,0.8645833333333334,0.11104810511624848,0.8024122807017543,0.8,0.7947368421052631,0.8125,0.007449687610290826,0.798940058479532,0.8,0.7947368421052631,0.8020833333333333,0.003091422580963541,0.7498538011695907,0.7578947368421053,0.7,0.7916666666666667,0.03785222960682403
53,3,0.6880456145162027,0.7062937062937064,0.49673202614379086,0.8611111111111112,0.1493157148026636,0.7819446348858113,0.7712418300653595,0.7412587412587412,0.8333333333333333,0.03834357964243945,0.7817922817922818,0.7777777777777778,0.7342657342657343,0.8333333333333333,0.04054367585798872,0.7606152017916724,0.7622377622377622,0.6862745098039216,0.8333333333333333,0.06004747522455086
54,3,0.6146304675716441,0.5,0.4615384615384615,0.8823529411764707,0.1899584421920093,0.7588612368024132,0.7692307692307692,0.625,0.8823529411764707,0.1053194489323855,0.7449723479135244,0.7692307692307692,0.5833333333333334,0.8823529411764707,0.12327350275510582,0.7540131437190261,0.7252747252747254,0.625,0.9117647058823529,0.11882177593903089
55,3,0.66218820861678,0.5877551020408163,0.5416666666666666,0.8571428571428572,0.13913188516716554,0.8003401360544217,0.75,0.7224489795918366,0.9285714285714286,0.09136816720214758,0.8003401360544217,0.75,0.7224489795918366,0.9285714285714286,0.09136816720214758,0.8162698412698411,0.7916666666666666,0.7285714285714285,0.9285714285714286,0.08348248179674476
56,3,0.8211843711843713,0.8571428571428572,0.6730769230769231,0.9333333333333333,0.10924928467869008,0.7995115995115997,0.7857142857142857,0.6794871794871795,0.9333333333333333,0.10409047941298462,0.7987993487993489,0.7857142857142857,0.6773504273504274,0.9333333333333333,0.1049133807666063,0.7849613349613348,0.7142857142857143,0.7072649572649572,0.9333333333333333,0.10495399050047707
57,3,0.5818548387096775,0.5913978494623655,0.4666666666666667,0.6875,0.09040701325467776,0.7152777777777778,0.8,0.5333333333333333,0.8125,0.12875531872029766,0.7159946236559139,0.8021505376344085,0.5333333333333333,0.8125,0.12923012569197828,0.6592741935483871,0.6875,0.5333333333333333,0.756989247311828,0.09346305536332485
58,3,0.6985772357723578,0.75,0.55,0.7957317073170731,0.10670596205101719,0.8531165311653117,0.7926829268292683,0.7666666666666667,1.0,0.10440394791671812,0.8485772357723578,0.7957317073170732,0.75,1.0,0.10868758717317176,0.8440379403794038,0.7987804878048781,0.7333333333333333,1.0,0.11347233300950314
59,3,0.7758852258852259,0.7857142857142857,0.7214285714285714,0.8205128205128206,0.04104371585671235,0.8072649572649572,0.8214285714285714,0.7285714285714285,0.8717948717948718,0.059322253535675905,0.8115384615384614,0.8214285714285714,0.7285714285714285,0.8846153846153846,0.06408738700498905,0.7927655677655677,0.8035714285714286,0.7285714285714286,0.8461538461538461,0.04860714077820411
60,3,0.72885101010101,0.65625,0.5303030303030303,1.0,0.198506071840627,0.832354797979798,0.793939393939394,0.703125,1.0,0.12420547185192934,0.832354797979798,0.793939393939394,0.703125,1.0,0.12420547185192934,0.8177872474747474,0.7424242424242424,0.7109375,1.0,0.1294835102094583
61,3,0.586574074074074,0.6777777777777778,0.3111111111111111,0.7708333333333333,0.1984518700309797,0.8981481481481483,0.9166666666666666,0.8222222222222222,0.9555555555555556,0.05598598688085549,0.9018518518518519,0.9166666666666666,0.8333333333333334,0.9555555555555556,0.05098481443680076,0.8541666666666666,0.8666666666666667,0.8,0.8958333333333334,0.04010980299498236
42,10,0.6295833333333333,0.6095238095238096,0.0,1.0,0.2731443849267395,0.7815873015873016,0.8547619047619048,0.0,1.0,0.2754496084086648,0.7815873015873016,0.8547619047619048,0.0,1.0,0.2754496084086648,0.7315873015873016,0.788888888888889,0.25,1.0,0.20379209241581708
43,10,0.6490440115440116,0.625,0.375,1.0,0.20447536105188788,0.7700126262626263,0.7840909090909091,0.4444444444444444,1.0,0.2174658952024816,0.7722853535353535,0.7954545454545454,0.4444444444444444,1.0,0.2180753403112843,0.7988636363636363,0.7916666666666666,0.5,1.0,0.1638751239336245
44,10,0.5589285714285714,0.5,0.375,0.7857142857142857,0.1387926253701646,0.7621428571428571,0.8035714285714286,0.25,1.0,0.24774596106594712,0.7621428571428571,0.8035714285714286,0.25,1.0,0.24774596106594712,0.781607142857143,0.7321428571428572,0.4375,1.0,0.2013000634903638
45,10,0.6211688311688311,0.6022727272727273,0.0,1.0,0.2907010503791073,0.7041666666666666,0.8333333333333333,0.0,1.0,0.344827855603343,0.7091666666666667,0.8333333333333333,0.0,1.0,0.3421835521081242,0.6831818181818182,0.7159090909090909,0.0,1.0,0.33330333887088404
46,10,0.7226190476190476,0.75,0.0,1.0,0.2971819541671232,0.7587301587301587,0.7658730158730158,0.5,1.0,0.22479239323302194,0.7642857142857142,0.7658730158730158,0.5,1.0,0.22034496191739542,0.7908730158730158,0.8055555555555556,0.4642857142857143,1.0,0.20091321178481544
47,10,0.658578431372549,0.6875,0.25,1.0,0.28197578722118694,0.7367647058823529,0.75,0.25,1.0,0.2425856527568994,0.7007352941176471,0.75,0.0,1.0,0.29962661388304673,0.7313725490196079,0.75,0.4166666666666667,1.0,0.22455903219169268
48,10,0.5744886363636363,0.625,0.0,1.0,0.32360640203017826,0.7555681818181819,0.7840909090909092,0.25,1.0,0.19484194946978542,0.7555681818181819,0.7840909090909092,0.25,1.0,0.19484194946978542,0.6713636363636364,0.75,0.25,1.0,0.2695049111859591
49,10,0.7041666666666667,0.75,0.25,1.0,0.258501289487435,0.8405303030303031,0.8484848484848484,0.45833333333333337,1.0,0.16521796341857015,0.8405303030303031,0.8484848484848484,0.45833333333333337,1.0,0.16521796341857015,0.7679924242424241,0.8229166666666666,0.45833333333333337,1.0,0.20915000057076535
50,10,0.5928571428571429,0.675,0.0,0.9285714285714286,0.2484852067210112,0.6827272727272728,0.6636363636363637,0.25,1.0,0.24551177783937625,0.6827272727272728,0.6636363636363637,0.25,1.0,0.24551177783937625,0.681038961038961,0.7159090909090908,0.2,1.0,0.22890615249196777
51,10,0.55625,0.5416666666666667,0.0,1.0,0.2684268082529927,0.7614583333333333,0.9322916666666666,0.25,1.0,0.29648000037945227,0.7614583333333333,0.9322916666666666,0.25,1.0,0.29648000037945227,0.6302083333333333,0.6875,0.0,1.0,0.32633440000251274
52,10,0.6100757575757576,0.6003787878787878,0.0,1.0,0.3070461274469445,0.7051515151515151,0.75,0.3333333333333333,1.0,0.2220689094649771,0.7051515151515151,0.75,0.3333333333333333,1.0,0.2220689094649771,0.7165151515151514,0.7159090909090909,0.3333333333333333,1.0,0.23760208767204827
53,10,0.5475811688311689,0.5727272727272728,0.0,1.0,0.25135560631303594,0.7815584415584416,0.803030303030303,0.4,1.0,0.18899091441528815,0.7815584415584416,0.803030303030303,0.4,1.0,0.18899091441528815,0.7392099567099567,0.6964285714285714,0.5,1.0,0.18659975972507062
54,10,0.7166666666666666,0.75,0.0,1.0,0.3055050463303893,0.7463888888888888,0.7361111111111112,0.25,1.0,0.2001775831975569,0.7463888888888888,0.7361111111111112,0.25,1.0,0.2001775831975569,0.7133333333333333,0.775,0.25,1.0,0.2258071940591993
55,10,0.594047619047619,0.5833333333333333,0.25,1.0,0.3147205685702464,0.7827472527472527,0.775,0.5,1.0,0.13007479706092892,0.7577472527472526,0.775,0.5,1.0,0.1555050335770662,0.7639743589743591,0.75,0.5,1.0,0.16954269039353395
56,10,0.7823717948717949,0.7916666666666666,0.375,1.0,0.21626636705400512,0.7852564102564104,0.7596153846153846,0.5,1.0,0.191418886232719,0.7915064102564103,0.7596153846153846,0.5,1.0,0.18705493144627194,0.7689102564102563,0.75,0.5,1.0,0.15317998130709276
57,10,0.6550438596491228,0.625,0.0,1.0,0.3314786380575044,0.6791666666666667,0.75,0.0,1.0,0.3565118433438705,0.7041666666666667,0.75,0.08333333333333333,1.0,0.3142727495522179,0.6622807017543859,0.7083333333333333,0.16666666666666666,1.0,0.2888483410235109
58,10,0.5380952380952382,0.5,0.0,1.0,0.25890051845844164,0.6639285714285714,0.6738095238095237,0.0,1.0,0.29312224257631925,0.6639285714285714,0.6738095238095237,0.0,1.0,0.29312224257631925,0.6489285714285714,0.6404761904761904,0.0,1.0,0.2881495668962463
59,10,0.5458333333333333,0.5,0.25,1.0,0.21364072905490447,0.7333333333333333,0.875,0.0,1.0,0.31523800532296226,0.7333333333333333,0.875,0.0,1.0,0.31523800532296226,0.6875,0.75,0.0,1.0,0.33189795118379384
60,10,0.5263888888888889,0.5,0.0,1.0,0.32740385922746396,0.7531249999999999,0.7083333333333333,0.5,1.0,0.16666992184321147,0.7531249999999999,0.7083333333333333,0.5,1.0,0.16666992184321147,0.6923611111111112,0.6875,0.25,1.0,0.26480196566211234
61,10,0.6220833333333333,0.6979166666666666,0.0,1.0,0.3273952864827334,0.8033333333333333,0.75,0.5,1.0,0.16086571349351542,0.8033333333333333,0.75,0.5,1.0,0.16086571349351542,0.8020833333333334,0.8625,0.5,1.0,0.17095777987561725
42,15,0.5671717171717172,0.5,0.0,1.0,0.33815234053250537,0.7767676767676767,0.8333333333333334,0.0,1.0,0.2764873608100105,0.7767676767676767,0.8333333333333334,0.0,1.0,0.2764873608100105,0.747979797979798,0.6666666666666667,0.3333333333333333,1.0,0.23635824046331622
43,15,0.5638888888888889,0.5833333333333334,0.0,1.0,0.4163517328318675,0.7055555555555555,0.8333333333333334,0.0,1.0,0.35074875817032436,0.7055555555555555,0.8333333333333334,0.0,1.0,0.35074875817032436,0.6777777777777777,0.75,0.0,1.0,0.3345348714961021
44,15,0.6496825396825396,0.5,0.0,1.0,0.36028550309300134,0.7687301587301587,1.0,0.0,1.0,0.3518903348489996,0.7687301587301587,1.0,0.0,1.0,0.3518903348489996,0.7853968253968254,1.0,0.3333333333333333,1.0,0.2536012228813449
45,15,0.47888888888888886,0.5,0.0,1.0,0.41720311146250066,0.6455555555555555,0.8055555555555556,0.0,1.0,0.3827892004961228,0.6455555555555555,0.8055555555555556,0.0,1.0,0.3827892004961228,0.6733333333333335,1.0,0.0,1.0,0.4254806045590881
46,15,0.43462962962962964,0.4,0.0,1.0,0.37875536186654984,0.7516666666666667,0.75,0.3333333333333333,1.0,0.2508171829425952,0.7516666666666667,0.75,0.3333333333333333,1.0,0.2508171829425952,0.7285185185185186,0.75,0.3333333333333333,1.0,0.24791199376583065
47,15,0.5833333333333334,0.5,0.0,1.0,0.34960294939005054,0.8144444444444444,1.0,0.0,1.0,0.28250641858763115,0.8144444444444444,1.0,0.0,1.0,0.28250641858763115,0.7288888888888889,0.8333333333333334,0.0,1.0,0.3038924436111412
48,15,0.48816738816738814,0.5,0.0,1.0,0.3475850524607705,0.7505050505050506,1.0,0.0,1.0,0.34292297044200715,0.7505050505050506,1.0,0.0,1.0,0.34292297044200715,0.7001443001443001,0.7878787878787878,0.0,1.0,0.34427958121791297
49,15,0.6089682539682539,0.6,0.0,1.0,0.3775219722164166,0.8196825396825396,1.0,0.42857142857142855,1.0,0.22655770801658545,0.8196825396825396,1.0,0.42857142857142855,1.0,0.22655770801658545,0.7451587301587301,0.6666666666666666,0.2857142857142857,1.0,0.25136681039589676
50,15,0.5185185185185185,0.6666666666666666,0.0,1.0,0.34451413074441356,0.6855555555555557,0.8666666666666667,0.0,1.0,0.39322346236971245,0.6855555555555557,0.8666666666666667,0.0,1.0,0.39322346236971245,0.6607407407407407,0.7777777777777779,0.0,1.0,0.3524135866802209
51,15,0.6184615384615384,0.6,0.0,1.0,0.3724517627584196,0.8639743589743589,1.0,0.5,1.0,0.2098610259912778,0.8639743589743589,1.0,0.5,1.0,0.2098610259912778,0.7721794871794871,0.875,0.0,1.0,0.28255217760680673
52,15,0.5461111111111111,0.5,0.0,1.0,0.26448529096303725,0.7673333333333333,1.0,0.0,1.0,0.33635122736233347,0.7673333333333333,1.0,0.0,1.0,0.33635122736233347,0.7185555555555555,1.0,0.0,1.0,0.3598738805144703
53,15,0.5587654320987654,0.5,0.0,1.0,0.3450316690014567,0.7214814814814814,0.7222222222222222,0.0,1.0,0.2970490438138575,0.720246913580247,0.7037037037037037,0.0,1.0,0.29708188038297173,0.6893827160493827,0.6,0.0,1.0,0.2921151493479679
54,15,0.4314814814814815,0.5,0.0,1.0,0.38767889361452706,0.6870370370370369,0.7222222222222222,0.0,1.0,0.35521781798881547,0.6870370370370369,0.7222222222222222,0.0,1.0,0.35521781798881547,0.6307407407407407,0.6944444444444444,0.0,1.0,0.4057248082474558
55,15,0.6910317460317459,0.657142857142857,0.25,1.0,0.2755304328025358,0.7634126984126984,0.8333333333333334,0.0,1.0,0.2703467953772027,0.7634126984126984,0.8333333333333334,0.0,1.0,0.2703467953772027,0.6486507936507936,0.5,0.5,1.0,0.19380370621639276
56,15,0.5805194805194805,0.5714285714285714,0.0,1.0,0.377585971942192,0.7584415584415585,1.0,0.0,1.0,0.316417150052088,0.7584415584415585,1.0,0.0,1.0,0.316417150052088,0.7281385281385281,0.9696969696969697,0.0,1.0,0.3176584715433671
57,15,0.8051851851851853,1.0,0.25,1.0,0.24928264707843328,0.7385185185185186,0.8,0.0,1.0,0.3097089212667412,0.7385185185185186,0.8,0.0,1.0,0.3097089212667412,0.7460606060606061,0.8333333333333334,0.25,1.0,0.2759405542330851
58,15,0.7116666666666667,1.0,0.0,1.0,0.3923079855872877,0.7077777777777778,0.7,0.0,1.0,0.2866709732665312,0.6994444444444444,0.7,0.0,1.0,0.27978938286759936,0.6144444444444445,0.75,0.0,1.0,0.38829478428916975
59,15,0.5138888888888888,0.5,0.0,1.0,0.2642541332005618,0.7041666666666667,0.75,0.0,1.0,0.297384431334258,0.7041666666666667,0.75,0.0,1.0,0.297384431334258,0.6631944444444444,0.6666666666666666,0.0,1.0,0.31612862429518374
60,15,0.5396825396825397,0.5952380952380952,0.0,1.0,0.43668827443610425,0.7928571428571428,1.0,0.0,1.0,0.27444026730321536,0.7761904761904762,1.0,0.0,1.0,0.28396288601667763,0.7452380952380951,1.0,0.0,1.0,0.33911649915626335
61,15,0.6566666666666666,0.85,0.0,1.0,0.3730653800311385,0.7583333333333333,0.8333333333333333,0.0,1.0,0.33125742479449644,0.7583333333333333,0.8333333333333333,0.0,1.0,0.33125742479449644,0.691111111111111,0.825,0.0,1.0,0.3405940706877533
42,20,0.6238095238095238,0.9047619047619048,0.0,1.0,0.42395663578359444,0.6928571428571428,0.9285714285714286,0.0,1.0,0.36668985702793244,0.6928571428571428,0.9285714285714286,0.0,1.0,0.36668985702793244,0.6630952380952382,0.7142857142857143,0.0,1.0,0.3600103141631568
43,20,0.55,0.5,0.0,1.0,0.35394600969325507,0.7805555555555556,1.0,0.0,1.0,0.32795428392640186,0.7805555555555556,1.0,0.0,1.0,0.32795428392640186,0.6194444444444445,0.5833333333333333,0.0,1.0,0.3821943626797726
44,20,0.6452380952380952,0.8333333333333333,0.0,1.0,0.39840242192526687,0.7369047619047618,0.7857142857142857,0.3333333333333333,1.0,0.262172482215123,0.7345238095238095,0.7619047619047619,0.3333333333333333,1.0,0.26085014942206713,0.7714285714285715,1.0,0.0,1.0,0.32579920920185385
45,20,0.6727777777777778,0.8611111111111112,0.0,1.0,0.3701430320802093,0.7716666666666667,1.0,0.0,1.0,0.3636657500752274,0.7716666666666667,1.0,0.0,1.0,0.3636657500752274,0.7411111111111112,1.0,0.0,1.0,0.3637781850265826
46,20,0.5104166666666667,0.5,0.0,1.0,0.449512660494056,0.7208333333333333,1.0,0.0,1.0,0.39989147833436567,0.7208333333333333,1.0,0.0,1.0,0.39989147833436567,0.6604166666666667,0.6875,0.0,1.0,0.36426176294588547
47,20,0.5395833333333333,0.5,0.0,1.0,0.415722889474868,0.7958333333333333,1.0,0.0,1.0,0.3296410084386414,0.7979166666666667,1.0,0.0,1.0,0.3305285644909445,0.725,1.0,0.0,1.0,0.33447720400649134
48,20,0.45476190476190476,0.5,0.0,1.0,0.35745224694151445,0.7619047619047619,1.0,0.0,1.0,0.3405677532559757,0.7369047619047618,1.0,0.0,1.0,0.3405240559095072,0.6869047619047619,0.9523809523809524,0.0,1.0,0.37033378031653746
49,20,0.59375,0.5,0.0,1.0,0.40864677595693816,0.8770833333333334,1.0,0.0,1.0,0.26532049539712865,0.8770833333333334,1.0,0.0,1.0,0.26532049539712865,0.8395833333333333,1.0,0.0,1.0,0.27458143651342815
50,20,0.5416666666666667,0.5,0.0,1.0,0.4468252206151503,0.7138888888888888,0.888888888888889,0.0,1.0,0.3329975160252886,0.7138888888888888,0.888888888888889,0.0,1.0,0.3329975160252886,0.6916666666666667,1.0,0.0,1.0,0.3988699314591439
51,20,0.5030952380952382,0.5,0.0,1.0,0.4128197242339001,0.78,1.0,0.0,1.0,0.3668787265568828,0.705,1.0,0.0,1.0,0.3980891859872609,0.7,0.75,0.0,1.0,0.33166247903553997
52,20,0.6333333333333333,0.5833333333333334,0.0,1.0,0.3822448313726572,0.7791666666666667,1.0,0.0,1.0,0.32518691206408934,0.7791666666666667,1.0,0.0,1.0,0.32518691206408934,0.726388888888889,1.0,0.0,1.0,0.3615675534101648
53,20,0.425,0.5,0.0,1.0,0.4264680527307995,0.7,1.0,0.0,1.0,0.39999999999999997,0.7,1.0,0.0,1.0,0.39999999999999997,0.6,0.5,0.0,1.0,0.37416573867739417
54,20,0.6178571428571429,0.6785714285714286,0.0,1.0,0.398940987571628,0.6571428571428571,0.5833333333333333,0.0,1.0,0.3088270546112564,0.6571428571428571,0.5833333333333333,0.0,1.0,0.3088270546112564,0.6071428571428571,0.5,0.0,1.0,0.3803939359207252
55,20,0.75625,1.0,0.0,1.0,0.3297397437542389,0.7854166666666667,1.0,0.0,1.0,0.2884570423438779,0.7854166666666667,1.0,0.0,1.0,0.2884570423438779,0.7833333333333333,1.0,0.0,1.0,0.29860788111948194
56,20,0.555952380952381,0.5595238095238095,0.0,1.0,0.4187549708643263,0.744047619047619,1.0,0.0,1.0,0.3666106172374197,0.744047619047619,1.0,0.0,1.0,0.3666106172374197,0.7488095238095238,1.0,0.0,1.0,0.3959456518054889
57,20,0.7507142857142858,1.0,0.0,1.0,0.36254415635357096,0.7728571428571429,1.0,0.0,1.0,0.32775986729959006,0.7728571428571429,1.0,0.0,1.0,0.32775986729959006,0.7204761904761905,1.0,0.0,1.0,0.3628780771364029
58,20,0.7138888888888888,1.0,0.0,1.0,0.3748559394069167,0.7625,1.0,0.0,1.0,0.33048260166005716,0.7625,1.0,0.0,1.0,0.33048260166005716,0.8,1.0,0.0,1.0,0.33166247903554
59,20,0.60625,0.5625,0.0,1.0,0.3771869102683414,0.7875,1.0,0.0,1.0,0.3264657119991487,0.7625,1.0,0.0,1.0,0.36445831189741185,0.6458333333333333,0.6666666666666666,0.0,1.0,0.37994425760746653
60,20,0.6652777777777776,0.7361111111111112,0.0,1.0,0.3600920449887744,0.75,1.0,0.0,1.0,0.39616214413349043,0.75,1.0,0.0,1.0,0.39616214413349043,0.7555555555555555,1.0,0.0,1.0,0.33902547338649686
61,20,0.7345238095238095,0.6785714285714286,0.3333333333333333,1.0,0.25547019919305064,0.7202380952380952,0.9523809523809524,0.0,1.0,0.33118996268489176,0.7202380952380952,0.9523809523809524,0.0,1.0,0.33118996268489176,0.7839285714285713,1.0,0.0,1.0,0.27807941389257673
