ClientCount,Epsilon,Spearman_rho_mean,Spearman_rho_median,Spearman_rho_ci_lower,Spearman_rho_ci_upper,Wilcoxon_p_value,Kendall_tau_mean,MAE_mean,Rank_Reversal_mean,Top_Contributor_Stability_mean
3,0.5,0.675,1.0,0.475,0.85,0.002478942540635376,0.6333333333333333,0.05799137205387206,0.3333333333333333,0.3333333333333333
3,1.0,0.643301270189222,0.6830127018922194,0.44330127018922194,0.8232050807568877,0.0010860768436549261,0.5908248290463862,0.0413510101010101,0.39999999999999997,0.3333333333333333
3,2.0,0.675,0.5,0.525,0.825,0.0006703205586147392,0.6,0.034459175084175085,0.3833333333333333,0.3333333333333333
3,5.0,0.475,0.5,0.225,0.7,0.00024035368145103084,0.4,0.03046611952861953,0.5,0.3333333333333333
3,10.0,0.525,0.5,0.3,0.725,0.00039292973212953086,0.4666666666666667,0.03195496632996634,0.4833333333333334,0.3333333333333333
10,0.5,0.5587878787878788,0.5636363636363636,0.45696969696969686,0.6533333333333333,4.4224575106059504e-05,0.4422222222222222,0.028439204545454545,0.79,0.1
10,1.0,0.6715151515151515,0.6727272727272726,0.5848484848484847,0.7545454545454544,4.4161929315406386e-05,0.542222222222222,0.02303787878787879,0.7050000000000001,0.1
10,2.0,0.7654545454545454,0.812121212121212,0.6975757575757575,0.8309090909090907,4.4099351020972264e-05,0.6244444444444444,0.01794649621212122,0.6849999999999999,0.1
10,5.0,0.7993939393939392,0.8303030303030302,0.7436363636363635,0.8484848484848484,4.3725296078248926e-05,0.6488888888888888,0.016179261363636364,0.7,0.1
10,10.0,0.7945454545454543,0.8303030303030302,0.7436363636363635,0.8375757575757575,4.378747036907218e-05,0.6444444444444443,0.016593276515151516,0.72,0.1
15,0.5,0.48464285714285715,0.44999999999999996,0.38249999999999995,0.5794642857142855,9.5367431640625e-07,0.3495238095238095,0.023138446969696976,0.8999999999999998,0.06666666666666668
15,1.0,0.6444642857142856,0.607142857142857,0.5614285714285714,0.7192857142857141,4.4224575106059504e-05,0.48761904761904773,0.01965410353535354,0.8733333333333332,0.06666666666666667
15,2.0,0.7517857142857143,0.7357142857142855,0.7005357142857143,0.8,4.4099351020972264e-05,0.5857142857142857,0.01547739898989899,0.8166666666666668,0.06666666666666668
15,5.0,0.8273214285714283,0.8410714285714285,0.7919642857142856,0.859285714285714,4.4224575106059504e-05,0.6714285714285714,0.01342367424242424,0.7699999999999999,0.06666666666666668
15,10.0,0.8533928571428572,0.8678571428571427,0.8155357142857141,0.8867857142857144,4.4161929315406386e-05,0.7076190476190478,0.013365277777777778,0.78,0.06666666666666668
20,0.5,0.5140336288345608,0.6012385439847066,0.4087969924812029,0.617218045112782,9.5367431640625e-07,0.38295522502372226,0.02010696022727273,0.9,0.05
20,1.0,0.7010526315789473,0.7390977443609021,0.6233834586466165,0.7677443609022556,9.5367431640625e-07,0.5442105263157895,0.017390956439393944,0.8700000000000001,0.05
20,2.0,0.7901503759398495,0.7962406015037593,0.7444360902255639,0.8350375939849626,9.5367431640625e-07,0.6263157894736844,0.01391595643939394,0.8225000000000001,0.05
20,5.0,0.8462406015037596,0.8436090225563909,0.8125563909774437,0.8793233082706766,4.4224575106059504e-05,0.6910526315789474,0.011397632575757575,0.795,0.05
20,10.0,0.8676691729323309,0.869172932330827,0.8354135338345865,0.8980451127819548,9.5367431640625e-07,0.7163157894736842,0.0110265625,0.7725,0.05
