round,test_loss,test_auc,avg_local_loss,active_clients,round_bytes,cumulative_bytes,round_time_s,cumulative_time_s
1,0.5781593143688947,0.7405303030303031,0.4235422483549071,3,91440,91440,0.22438400000000003,0.22438400000000003
2,0.5606778050813183,0.7263257575757576,0.3842732440146089,3,91440,182880,0.22438400000000003,0.44876800000000006
3,0.5503754089286788,0.7395833333333334,0.36045747276946,3,91440,274320,0.22438400000000003,0.6731520000000001
4,0.5457434495304759,0.7471590909090908,0.3432029691795584,3,91440,365760,0.22438400000000003,0.8975360000000001
5,0.5433935775033952,0.7490530303030303,0.3296371488337376,3,91440,457200,0.22438400000000003,1.1219200000000003
6,0.5422067338693878,0.7490530303030302,0.3184007817479952,3,91440,548640,0.22438400000000003,1.3463040000000004
7,0.5416974315906088,0.7499999999999999,0.30877584125660645,3,91440,640080,0.22438400000000003,1.5706880000000005
8,0.541639837401566,0.7528409090909091,0.3003403705743362,3,91440,731520,0.22438400000000003,1.7950720000000007
9,0.5419187221475649,0.7509469696969696,0.29282498544093283,3,91440,822960,0.22438400000000003,2.019456000000001
10,0.5424680710688256,0.7537878787878788,0.2860461168561092,3,91440,914400,0.22438400000000003,2.243840000000001
11,0.543244802965886,0.7528409090909091,0.2798721355587936,3,91440,1005840,0.22438400000000003,2.468224000000001
12,0.5442172088890557,0.7537878787878788,0.27420482569166976,3,91440,1097280,0.22438400000000003,2.6926080000000012
13,0.5453597616691779,0.7537878787878787,0.2689685770705556,3,91440,1188720,0.22438400000000003,2.9169920000000014
14,0.5466507405491049,0.7575757575757576,0.26410371944313,3,91440,1280160,0.22438400000000003,3.1413760000000015
15,0.548071112750517,0.759469696969697,0.25956221037985766,3,91440,1371600,0.22438400000000003,3.3657600000000016
16,0.5496039762767261,0.7604166666666667,0.25530472990825676,3,91440,1463040,0.22438400000000003,3.590144000000002
17,0.5512342507320082,0.7594696969696969,0.2512986541749604,3,91440,1554480,0.22438400000000003,3.814528000000002
18,0.5529484757195723,0.7613636363636364,0.24751660017963154,3,91440,1645920,0.22438400000000003,4.038912000000002
19,0.5547346551599254,0.7604166666666666,0.24393535430152646,3,91440,1737360,0.22438400000000003,4.263296000000001
20,0.5565821217135284,0.7604166666666666,0.24053506645992684,3,91440,1828800,0.22438400000000003,4.487680000000001
21,0.5584814115033491,0.7594696969696969,0.23729863288562456,3,91440,1920240,0.22438400000000003,4.712064000000001
22,0.5604241461725783,0.7594696969696969,0.23421121582510607,3,91440,2011680,0.22438400000000003,4.936448
23,0.5624029219597843,0.7604166666666666,0.23125986460881556,3,91440,2103120,0.22438400000000003,5.160832
24,0.564411206266284,0.7613636363636364,0.22843321304505507,3,91440,2194560,0.22438400000000003,5.385216
25,0.5664432422204067,0.7604166666666666,0.22572123515847994,3,91440,2286000,0.22438400000000003,5.6095999999999995
26,0.5684939615101047,0.7594696969696969,0.22311504612905744,3,91440,2377440,0.22438400000000003,5.833983999999999
27,0.5705589054765751,0.7585227272727272,0.22060673866952316,3,91440,2468880,0.22438400000000003,6.058367999999999
28,0.5726341542223664,0.7594696969696969,0.21818924748729684,3,91440,2560320,0.22438400000000003,6.282751999999999
29,0.5747162633125601,0.7585227272727273,0.21585623621922925,3,91440,2651760,0.22438400000000003,6.507135999999998
30,0.5768022075359414,0.7585227272727273,0.21360200250707495,3,91440,2743200,0.22438400000000003,6.731519999999998
31,0.5788893311339665,0.7594696969696969,0.2114213978338706,3,91440,2834640,0.22438400000000003,6.955903999999998
32,0.5809753038861756,0.7604166666666666,0.2093097594588479,3,91440,2926080,0.22438400000000003,7.180287999999997
33,0.583058082449766,0.7613636363636364,0.20726285233512454,3,91440,3017520,0.22438400000000003,7.404671999999997
34,0.5851358763788194,0.7604166666666666,0.2052768193151834,3,91440,3108960,0.22438400000000003,7.629055999999997
35,0.5872071182877412,0.7604166666666666,0.20334813827611523,3,91440,3200400,0.22438400000000003,7.853439999999996
36,0.589270437668453,0.7604166666666666,0.20147358505291557,3,91440,3291840,0.22438400000000003,8.077823999999996
37,0.5913246379179478,0.7594696969696969,0.19965020127067346,3,91440,3383280,0.22438400000000003,8.302207999999997
38,0.5933686761794154,0.7594696969696969,0.19787526632775906,3,91440,3474720,0.22438400000000003,8.526591999999997
39,0.5954016456446548,0.7604166666666666,0.19614627291140577,3,91440,3566160,0.22438400000000003,8.750975999999998
40,0.5974227600069058,0.7594696969696969,0.19446090553140868,3,91440,3657600,0.22438400000000003,8.975359999999998
41,0.5994313397911036,0.7604166666666666,0.19281702164234668,3,91440,3749040,0.22438400000000003,9.199743999999999
42,0.6014268003227093,0.7585227272727273,0.19121263499386712,3,91440,3840480,0.22438400000000003,9.424128
43,0.6034086411266963,0.7585227272727273,0.18964590090530287,3,91440,3931920,0.22438400000000003,9.648512
44,0.6053764365752513,0.7585227272727273,0.1881151032076728,3,91440,4023360,0.22438400000000003,9.872896
45,0.6073298276264067,0.756628787878788,0.18661864263487696,3,91440,4114800,0.22438400000000003,10.097280000000001
46,0.6092685145165555,0.7556818181818182,0.18515502647814633,3,91440,4206240,0.22438400000000003,10.321664000000002
47,0.6111922502878643,0.7556818181818182,0.18372285934475574,3,91440,4297680,0.22438400000000003,10.546048000000003
48,0.6131008350472656,0.7547348484848485,0.18232083488460896,3,91440,4389120,0.22438400000000003,10.770432000000003
49,0.6149941108673393,0.7547348484848485,0.1809477283673339,3,91440,4480560,0.22438400000000003,10.994816000000004
50,0.6168719572511369,0.7556818181818182,0.17960239000860287,3,91440,4572000,0.22438400000000003,11.219200000000004
